pf-a	2026-09-29T20:36:00Z	4.68	0	0.0
pf-b	2026-09-29T20:38:24Z	1.32	0	0.0
ab-new1	2026-09-29T20:42:41Z	1.03	0	0.0
ab-old1	2026-09-29T20:49:20Z	1.00	0	0.0
ab-june1	2026-09-29T21:07:34Z	1.00	0	0.0
ab-old2	2026-09-29T21:07:37Z	0.92	0	0.0
ab-new2	2026-09-29T21:25:58Z	1.00	0	0.0
ab-june2	2026-09-29T21:32:38Z	1.00	0	0.0
pinets	2026-09-29T21:32:41Z	0.92	0	0.0
vectorbt	2026-09-29T21:33:11Z	1.37	0	0.0
pynecore	2026-09-29T21:35:01Z	1.06	0	0.5
pc-ab-v6103-1	2026-09-29T22:34:36Z	1.87	0	0.0
pc-ab-v6102-1	2026-09-29T22:35:54Z	5.21	0	0.0
pc-ab-v6102-2	2026-09-29T22:37:47Z	3.45	0	0.0
pc-ab-v6103-2	2026-09-29T22:39:37Z	3.46	0	0.0
pf-recheck	2026-09-29T22:52:51Z	5.83	0	0.0
tp-r1	2026-09-29T22:53:24Z	3.93	0	0.0
tp-r2	2026-09-29T23:00:12Z	1.00	0	0.0
tp-r3	2026-09-29T23:06:58Z	1.00	0	0.0
tp-r4	2026-09-29T23:13:46Z	1.04	0	0.0
tp-r5	2026-09-29T23:20:33Z	1.01	0	0.0
