2026-09-29T20:36:00Z	4.68	6.94	3.21
2026-09-29T20:36:10Z	4.11	6.74	3.19
2026-09-29T20:36:20Z	3.63	6.55	3.16
2026-09-29T20:36:30Z	3.23	6.37	3.14
2026-09-29T20:36:40Z	2.88	6.19	3.12
2026-09-29T20:36:50Z	2.59	6.02	3.09
2026-09-29T20:37:00Z	2.35	5.86	3.07
2026-09-29T20:37:10Z	2.14	5.70	3.05
2026-09-29T20:37:20Z	1.96	5.54	3.03
2026-09-29T20:37:30Z	1.82	5.39	3.00
2026-09-29T20:37:40Z	1.69	5.25	2.98
2026-09-29T20:37:50Z	1.58	5.11	2.96
2026-09-29T20:38:00Z	1.49	4.97	2.94
2026-09-29T20:38:10Z	1.42	4.84	2.92
2026-09-29T20:38:20Z	1.35	4.71	2.90
