2026-09-29T20:38:24Z	1.32	4.65	2.89
2026-09-29T20:38:34Z	1.27	4.53	2.87
2026-09-29T20:38:44Z	1.23	4.41	2.85
2026-09-29T20:38:54Z	1.20	4.30	2.82
2026-09-29T20:39:04Z	1.16	4.19	2.80
2026-09-29T20:39:14Z	1.14	4.08	2.79
2026-09-29T20:39:24Z	1.12	3.98	2.77
2026-09-29T20:39:34Z	1.10	3.88	2.75
2026-09-29T20:39:44Z	1.08	3.79	2.73
2026-09-29T20:39:54Z	1.07	3.70	2.71
2026-09-29T20:40:04Z	1.06	3.61	2.69
2026-09-29T20:40:14Z	1.05	3.52	2.67
2026-09-29T20:40:24Z	1.04	3.44	2.65
2026-09-29T20:40:34Z	1.03	3.36	2.63
2026-09-29T20:40:44Z	1.03	3.28	2.62
2026-09-29T20:40:54Z	1.02	3.20	2.60
2026-09-29T20:41:04Z	1.02	3.13	2.58
2026-09-29T20:41:14Z	1.02	3.06	2.56
2026-09-29T20:41:24Z	1.01	2.99	2.55
2026-09-29T20:41:34Z	1.01	2.92	2.53
2026-09-29T20:41:44Z	1.08	2.88	2.52
2026-09-29T20:41:54Z	1.07	2.82	2.50
2026-09-29T20:42:04Z	1.06	2.76	2.48
2026-09-29T20:42:14Z	1.05	2.70	2.47
2026-09-29T20:42:24Z	1.04	2.64	2.45
2026-09-29T20:42:34Z	1.03	2.59	2.44
