2026-09-29T21:35:01Z	1.06	1.06	1.05
2026-09-29T21:35:11Z	2.52	1.37	1.15
2026-09-29T21:35:21Z	4.46	1.82	1.30
2026-09-29T21:35:31Z	5.62	2.16	1.41
2026-09-29T21:35:41Z	6.29	2.42	1.51
2026-09-29T21:35:51Z	6.94	2.68	1.60
2026-09-29T21:36:01Z	7.25	2.89	1.68
2026-09-29T21:36:11Z	7.75	3.14	1.78
2026-09-29T21:36:21Z	8.41	3.44	1.89
2026-09-29T21:36:31Z	8.66	3.65	1.97
2026-09-29T21:36:41Z	9.02	3.89	2.07
2026-09-29T21:36:51Z	9.48	4.16	2.18
2026-09-29T21:37:01Z	9.87	4.42	2.28
2026-09-29T21:37:11Z	10.20	4.67	2.39
2026-09-29T21:37:21Z	10.10	4.83	2.47
2026-09-29T21:37:31Z	10.32	5.05	2.56
2026-09-29T21:37:41Z	10.87	5.35	2.69
2026-09-29T21:37:51Z	10.89	5.53	2.78
2026-09-29T21:38:01Z	11.07	5.75	2.87
2026-09-29T21:38:11Z	11.29	5.97	2.98
2026-09-29T21:38:21Z	11.48	6.19	3.08
2026-09-29T21:38:31Z	11.58	6.38	3.18
2026-09-29T21:38:41Z	11.81	6.60	3.28
2026-09-29T21:38:51Z	11.60	6.73	3.36
2026-09-29T21:39:01Z	11.65	6.90	3.45
2026-09-29T21:39:11Z	11.64	7.05	3.54
2026-09-29T21:39:21Z	11.85	7.25	3.64
2026-09-29T21:39:31Z	11.87	7.41	3.73
2026-09-29T21:39:41Z	11.98	7.57	3.83
2026-09-29T21:39:51Z	12.13	7.75	3.93
2026-09-29T21:40:01Z	11.72	7.81	3.99
2026-09-29T21:40:11Z	11.53	7.90	4.06
2026-09-29T21:40:21Z	11.44	8.00	4.13
2026-09-29T21:40:31Z	11.30	8.08	4.20
2026-09-29T21:40:41Z	11.65	8.26	4.30
2026-09-29T21:40:51Z	11.55	8.36	4.37
2026-09-29T21:41:01Z	11.47	8.44	4.44
2026-09-29T21:41:11Z	11.33	8.51	4.51
2026-09-29T21:41:21Z	11.20	8.58	4.57
2026-09-29T21:41:31Z	11.31	8.69	4.65
2026-09-29T21:41:41Z	11.74	8.87	4.75
2026-09-29T21:41:51Z	11.62	8.94	4.82
2026-09-29T21:42:01Z	11.73	9.05	4.90
2026-09-29T21:42:11Z	11.79	9.15	4.98
2026-09-29T21:42:21Z	12.05	9.29	5.07
2026-09-29T21:42:31Z	12.04	9.38	5.15
2026-09-29T21:42:41Z	11.88	9.44	5.21
2026-09-29T21:42:51Z	11.82	9.51	5.28
2026-09-29T21:43:01Z	12.14	9.65	5.37
2026-09-29T21:43:11Z	11.90	9.68	5.43
2026-09-29T21:43:21Z	12.22	9.82	5.52
2026-09-29T21:43:31Z	12.25	9.91	5.59
2026-09-29T21:43:41Z	11.83	9.90	5.64
2026-09-29T21:43:51Z	11.94	9.98	5.71
2026-09-29T21:44:01Z	11.93	10.05	5.78
2026-09-29T21:44:11Z	12.01	10.13	5.85
2026-09-29T21:44:21Z	12.02	10.19	5.92
2026-09-29T21:44:31Z	11.79	10.20	5.97
2026-09-29T21:44:42Z	11.60	10.21	6.02
2026-09-29T21:44:52Z	11.28	10.19	6.05
2026-09-29T21:45:02Z	11.32	10.23	6.11
2026-09-29T21:45:12Z	11.56	10.33	6.19
2026-09-29T21:45:22Z	11.47	10.35	6.24
2026-09-29T21:45:32Z	11.72	10.44	6.31
2026-09-29T21:45:42Z	11.77	10.49	6.37
2026-09-29T21:45:52Z	11.81	10.54	6.43
2026-09-29T21:46:02Z	11.85	10.59	6.49
2026-09-29T21:46:12Z	12.32	10.73	6.59
2026-09-29T21:46:22Z	11.89	10.69	6.62
2026-09-29T21:46:32Z	12.06	10.77	6.69
2026-09-29T21:46:42Z	11.91	10.78	6.73
2026-09-29T21:46:52Z	11.63	10.75	6.77
2026-09-29T21:47:02Z	11.53	10.76	6.81
2026-09-29T21:47:12Z	11.59	10.80	6.87
2026-09-29T21:47:22Z	11.19	10.74	6.89
2026-09-29T21:47:32Z	11.32	10.78	6.95
2026-09-29T21:47:42Z	11.27	10.79	6.99
2026-09-29T21:47:52Z	11.22	10.80	7.04
2026-09-29T21:48:02Z	10.88	10.74	7.06
2026-09-29T21:48:12Z	10.66	10.70	7.08
2026-09-29T21:48:22Z	10.47	10.66	7.11
2026-09-29T21:48:32Z	10.41	10.64	7.14
2026-09-29T21:48:42Z	10.42	10.63	7.18
2026-09-29T21:48:52Z	10.21	10.58	7.20
2026-09-29T21:49:02Z	9.95	10.51	7.21
2026-09-29T21:49:12Z	9.72	10.44	7.23
2026-09-29T21:49:22Z	9.92	10.46	7.27
2026-09-29T21:49:32Z	9.86	10.43	7.29
2026-09-29T21:49:42Z	9.96	10.43	7.33
2026-09-29T21:49:52Z	9.82	10.38	7.35
2026-09-29T21:50:02Z	10.00	10.40	7.39
2026-09-29T21:50:12Z	10.00	10.39	7.41
2026-09-29T21:50:22Z	10.08	10.39	7.45
2026-09-29T21:50:32Z	10.23	10.41	7.49
2026-09-29T21:50:42Z	10.36	10.43	7.52
2026-09-29T21:50:52Z	10.31	10.42	7.55
2026-09-29T21:51:02Z	10.78	10.52	7.62
2026-09-29T21:51:12Z	10.51	10.47	7.63
2026-09-29T21:51:22Z	10.67	10.50	7.67
2026-09-29T21:51:32Z	10.89	10.55	7.72
2026-09-29T21:51:42Z	10.98	10.59	7.76
2026-09-29T21:51:52Z	10.74	10.55	7.78
2026-09-29T21:52:02Z	10.72	10.55	7.81
2026-09-29T21:52:12Z	10.85	10.58	7.85
2026-09-29T21:52:22Z	10.73	10.56	7.87
2026-09-29T21:52:32Z	10.93	10.61	7.92
2026-09-29T21:52:42Z	10.79	10.59	7.94
2026-09-29T21:52:52Z	10.97	10.64	7.98
2026-09-29T21:53:02Z	10.96	10.65	8.02
2026-09-29T21:53:12Z	10.74	10.61	8.03
2026-09-29T21:53:22Z	10.69	10.61	8.06
2026-09-29T21:53:32Z	10.50	10.57	8.08
2026-09-29T21:53:42Z	10.51	10.57	8.10
2026-09-29T21:53:52Z	10.59	10.58	8.13
2026-09-29T21:54:02Z	10.56	10.58	8.16
2026-09-29T21:54:12Z	10.47	10.56	8.18
2026-09-29T21:54:22Z	10.17	10.49	8.18
2026-09-29T21:54:32Z	10.22	10.49	8.21
2026-09-29T21:54:42Z	10.04	10.44	8.22
2026-09-29T21:54:52Z	10.03	10.43	8.24
2026-09-29T21:55:02Z	10.19	10.45	8.27
2026-09-29T21:55:12Z	10.45	10.50	8.31
2026-09-29T21:55:22Z	10.62	10.53	8.34
2026-09-29T21:55:32Z	10.53	10.51	8.36
2026-09-29T21:55:42Z	10.45	10.49	8.38
2026-09-29T21:55:52Z	10.40	10.48	8.40
2026-09-29T21:56:02Z	10.66	10.53	8.44
2026-09-29T21:56:12Z	10.39	10.48	8.44
2026-09-29T21:56:22Z	10.56	10.51	8.48
2026-09-29T21:56:32Z	10.63	10.53	8.50
2026-09-29T21:56:42Z	10.53	10.51	8.52
2026-09-29T21:56:52Z	10.38	10.48	8.53
2026-09-29T21:57:02Z	10.47	10.49	8.56
2026-09-29T21:57:12Z	10.47	10.49	8.58
2026-09-29T21:57:22Z	10.32	10.46	8.59
2026-09-29T21:57:32Z	10.28	10.45	8.60
2026-09-29T21:57:42Z	10.24	10.43	8.62
2026-09-29T21:57:52Z	10.36	10.45	8.65
2026-09-29T21:58:02Z	10.07	10.39	8.64
2026-09-29T21:58:12Z	9.90	10.34	8.65
2026-09-29T21:58:22Z	9.76	10.29	8.65
2026-09-29T21:58:32Z	9.80	10.28	8.67
2026-09-29T21:58:42Z	10.12	10.34	8.70
2026-09-29T21:58:52Z	10.17	10.35	8.72
2026-09-29T21:59:02Z	10.22	10.35	8.74
2026-09-29T21:59:12Z	10.11	10.32	8.75
2026-09-29T21:59:22Z	10.32	10.36	8.78
2026-09-29T21:59:32Z	10.35	10.37	8.80
2026-09-29T21:59:42Z	10.91	10.49	8.85
2026-09-29T21:59:52Z	10.55	10.42	8.85
2026-09-29T22:00:02Z	10.70	10.46	8.88
2026-09-29T22:00:12Z	10.76	10.47	8.90
2026-09-29T22:00:22Z	10.87	10.51	8.93
2026-09-29T22:00:32Z	10.82	10.51	8.95
2026-09-29T22:00:42Z	11.08	10.57	8.99
2026-09-29T22:00:52Z	11.07	10.59	9.01
2026-09-29T22:01:02Z	11.27	10.65	9.05
2026-09-29T22:01:12Z	11.00	10.61	9.05
2026-09-29T22:01:22Z	10.92	10.61	9.07
2026-09-29T22:01:32Z	10.71	10.57	9.07
2026-09-29T22:01:42Z	10.91	10.62	9.11
2026-09-29T22:01:52Z	10.91	10.63	9.13
2026-09-29T22:02:02Z	10.76	10.61	9.14
2026-09-29T22:02:12Z	10.72	10.61	9.15
2026-09-29T22:02:22Z	10.53	10.57	9.15
2026-09-29T22:02:32Z	10.29	10.52	9.15
2026-09-29T22:02:42Z	10.09	10.47	9.15
2026-09-29T22:02:52Z	10.00	10.43	9.15
2026-09-29T22:03:02Z	9.92	10.40	9.16
2026-09-29T22:03:12Z	10.17	10.44	9.18
2026-09-29T22:03:22Z	10.14	10.43	9.19
2026-09-29T22:03:32Z	10.20	10.43	9.21
2026-09-29T22:03:42Z	10.23	10.43	9.22
2026-09-29T22:03:52Z	10.34	10.45	9.24
2026-09-29T22:04:02Z	10.78	10.53	9.28
2026-09-29T22:04:12Z	11.11	10.61	9.32
2026-09-29T22:04:22Z	10.86	10.58	9.32
2026-09-29T22:04:32Z	11.02	10.62	9.35
2026-09-29T22:04:42Z	10.95	10.62	9.37
2026-09-29T22:04:52Z	10.87	10.62	9.38
2026-09-29T22:05:02Z	10.58	10.56	9.37
2026-09-29T22:05:12Z	10.56	10.56	9.38
2026-09-29T22:05:22Z	10.33	10.51	9.38
2026-09-29T22:05:32Z	10.66	10.57	9.41
2026-09-29T22:05:42Z	10.79	10.60	9.44
2026-09-29T22:05:52Z	10.66	10.58	9.44
2026-09-29T22:06:02Z	10.94	10.65	9.48
2026-09-29T22:06:12Z	10.93	10.66	9.49
2026-09-29T22:06:22Z	10.86	10.65	9.50
2026-09-29T22:06:32Z	10.89	10.66	9.52
2026-09-29T22:06:42Z	10.83	10.66	9.53
2026-09-29T22:06:52Z	10.72	10.64	9.54
2026-09-29T22:07:02Z	10.69	10.63	9.55
2026-09-29T22:07:12Z	10.81	10.66	9.57
2026-09-29T22:07:22Z	10.76	10.66	9.58
2026-09-29T22:07:32Z	10.63	10.64	9.58
2026-09-29T22:07:42Z	10.54	10.61	9.59
2026-09-29T22:07:52Z	10.30	10.56	9.58
2026-09-29T22:08:02Z	10.49	10.59	9.60
2026-09-29T22:08:12Z	10.57	10.61	9.62
2026-09-29T22:08:22Z	10.63	10.62	9.63
2026-09-29T22:08:32Z	10.55	10.60	9.64
2026-09-29T22:08:42Z	10.63	10.61	9.65
2026-09-29T22:08:52Z	10.60	10.61	9.66
2026-09-29T22:09:02Z	10.89	10.67	9.69
2026-09-29T22:09:12Z	10.82	10.67	9.70
2026-09-29T22:09:22Z	10.69	10.64	9.70
2026-09-29T22:09:32Z	10.35	10.57	9.69
2026-09-29T22:09:42Z	10.53	10.60	9.71
2026-09-29T22:09:52Z	10.60	10.62	9.73
2026-09-29T22:10:02Z	10.82	10.66	9.75
2026-09-29T22:10:12Z	10.93	10.69	9.77
2026-09-29T22:10:22Z	11.17	10.75	9.80
2026-09-29T22:10:32Z	11.22	10.78	9.82
2026-09-29T22:10:42Z	11.19	10.79	9.83
2026-09-29T22:10:52Z	11.37	10.84	9.86
2026-09-29T22:11:02Z	11.08	10.80	9.86
2026-09-29T22:11:12Z	11.30	10.85	9.88
2026-09-29T22:11:22Z	11.10	10.82	9.89
2026-09-29T22:11:32Z	11.39	10.90	9.92
2026-09-29T22:11:42Z	11.48	10.93	9.94
2026-09-29T22:11:52Z	11.02	10.85	9.93
2026-09-29T22:12:02Z	10.95	10.84	9.93
2026-09-29T22:12:12Z	10.80	10.81	9.93
2026-09-29T22:12:22Z	10.84	10.82	9.95
2026-09-29T22:12:32Z	10.55	10.76	9.93
2026-09-29T22:12:42Z	10.48	10.74	9.93
2026-09-29T22:12:52Z	10.56	10.74	9.95
2026-09-29T22:13:02Z	10.78	10.79	9.97
2026-09-29T22:13:12Z	10.90	10.81	9.99
2026-09-29T22:13:22Z	10.76	10.78	9.99
2026-09-29T22:13:32Z	10.65	10.76	9.99
2026-09-29T22:13:42Z	10.47	10.71	9.98
2026-09-29T22:13:52Z	10.54	10.72	9.99
2026-09-29T22:14:02Z	10.60	10.73	10.00
2026-09-29T22:14:12Z	10.66	10.74	10.02
2026-09-29T22:14:22Z	10.88	10.78	10.04
2026-09-29T22:14:32Z	10.66	10.74	10.03
2026-09-29T22:14:42Z	10.64	10.73	10.04
2026-09-29T22:14:52Z	10.84	10.77	10.06
2026-09-29T22:15:02Z	11.00	10.81	10.08
2026-09-29T22:15:12Z	11.14	10.85	10.10
2026-09-29T22:15:22Z	11.29	10.89	10.12
2026-09-29T22:15:32Z	11.54	10.96	10.15
2026-09-29T22:15:42Z	11.54	10.98	10.16
2026-09-29T22:15:52Z	11.15	10.91	10.15
2026-09-29T22:16:02Z	11.44	10.98	10.18
2026-09-29T22:16:13Z	11.22	10.95	10.18
2026-09-29T22:16:23Z	10.97	10.90	10.17
2026-09-29T22:16:33Z	10.81	10.87	10.17
2026-09-29T22:16:43Z	10.61	10.83	10.16
2026-09-29T22:16:53Z	10.43	10.78	10.16
2026-09-29T22:17:03Z	10.68	10.82	10.18
2026-09-29T22:17:13Z	10.74	10.83	10.19
2026-09-29T22:17:23Z	10.78	10.84	10.20
2026-09-29T22:17:33Z	10.90	10.86	10.21
2026-09-29T22:17:43Z	10.97	10.88	10.22
2026-09-29T22:17:53Z	11.21	10.93	10.25
2026-09-29T22:18:03Z	11.09	10.92	10.25
2026-09-29T22:18:13Z	11.29	10.97	10.28
2026-09-29T22:18:23Z	11.25	10.97	10.28
2026-09-29T22:18:33Z	11.47	11.02	10.31
2026-09-29T22:18:43Z	11.46	11.04	10.32
2026-09-29T22:18:53Z	11.24	11.00	10.32
2026-09-29T22:19:03Z	11.28	11.02	10.33
2026-09-29T22:19:13Z	11.08	10.98	10.32
2026-09-29T22:19:23Z	10.92	10.95	10.32
2026-09-29T22:19:33Z	10.93	10.95	10.33
2026-09-29T22:19:43Z	10.95	10.96	10.34
2026-09-29T22:19:53Z	11.27	11.02	10.37
2026-09-29T22:20:03Z	11.22	11.02	10.37
2026-09-29T22:20:13Z	11.33	11.06	10.39
2026-09-29T22:20:23Z	11.21	11.04	10.39
2026-09-29T22:20:33Z	11.09	11.02	10.39
2026-09-29T22:20:43Z	10.77	10.95	10.38
2026-09-29T22:20:53Z	10.26	10.84	10.35
2026-09-29T22:21:03Z	9.75	10.71	10.31
2026-09-29T22:21:13Z	9.18	10.56	10.26
2026-09-29T22:21:23Z	8.68	10.40	10.22
2026-09-29T22:21:33Z	8.34	10.28	10.18
2026-09-29T22:21:43Z	7.75	10.08	10.11
2026-09-29T22:21:53Z	7.24	9.90	10.05
2026-09-29T22:22:03Z	6.82	9.72	9.99
2026-09-29T22:22:13Z	6.32	9.52	9.92
2026-09-29T22:22:23Z	5.88	9.32	9.85
2026-09-29T22:22:33Z	5.66	9.16	9.80
2026-09-29T22:22:43Z	5.25	8.96	9.72
2026-09-29T22:22:53Z	4.82	8.74	9.65
2026-09-29T22:23:03Z	4.47	8.54	9.57
2026-09-29T22:23:13Z	4.17	8.34	9.49
2026-09-29T22:23:23Z	3.91	8.14	9.42
2026-09-29T22:23:33Z	3.77	7.97	9.35
2026-09-29T22:23:43Z	3.65	7.81	9.28
2026-09-29T22:23:53Z	3.55	7.65	9.21
2026-09-29T22:24:03Z	3.55	7.51	9.15
2026-09-29T22:24:13Z	3.39	7.35	9.08
2026-09-29T22:24:23Z	3.33	7.21	9.01
2026-09-29T22:24:33Z	3.20	7.05	8.94
2026-09-29T22:24:43Z	3.17	6.92	8.88
2026-09-29T22:24:53Z	3.14	6.79	8.81
2026-09-29T22:25:03Z	3.05	6.65	8.75
2026-09-29T22:25:13Z	2.96	6.51	8.68
2026-09-29T22:25:23Z	2.97	6.39	8.62
2026-09-29T22:25:33Z	2.90	6.26	8.55
2026-09-29T22:25:43Z	2.91	6.16	8.49
2026-09-29T22:25:53Z	2.93	6.05	8.43
2026-09-29T22:26:03Z	2.78	5.92	8.36
2026-09-29T22:26:13Z	2.82	5.82	8.31
2026-09-29T22:26:23Z	2.92	5.74	8.25
2026-09-29T22:26:33Z	2.78	5.62	8.19
2026-09-29T22:26:43Z	2.81	5.53	8.13
2026-09-29T22:26:53Z	2.84	5.45	8.07
2026-09-29T22:27:03Z	2.87	5.37	8.02
2026-09-29T22:27:13Z	2.73	5.26	7.95
2026-09-29T22:27:23Z	2.70	5.17	7.89
2026-09-29T22:27:33Z	2.75	5.09	7.84
2026-09-29T22:27:43Z	2.63	4.99	7.78
2026-09-29T22:27:53Z	2.53	4.89	7.72
2026-09-29T22:28:03Z	2.53	4.81	7.66
2026-09-29T22:28:13Z	2.37	4.70	7.59
2026-09-29T22:28:23Z	2.16	4.58	7.52
2026-09-29T22:28:33Z	2.13	4.50	7.46
2026-09-29T22:28:43Z	2.03	4.40	7.40
2026-09-29T22:28:53Z	1.95	4.30	7.33
2026-09-29T22:29:03Z	1.96	4.22	7.28
2026-09-29T22:29:13Z	1.97	4.15	7.22
2026-09-29T22:29:23Z	1.89	4.06	7.16
2026-09-29T22:29:33Z	2.06	4.03	7.11
2026-09-29T22:29:43Z	2.05	3.96	7.06
2026-09-29T22:29:53Z	1.96	3.88	7.00
2026-09-29T22:30:03Z	1.97	3.82	6.94
2026-09-29T22:30:13Z	1.97	3.76	6.89
2026-09-29T22:30:23Z	1.90	3.68	6.83
2026-09-29T22:30:33Z	1.84	3.61	6.77
2026-09-29T22:30:43Z	1.86	3.56	6.72
2026-09-29T22:30:53Z	1.80	3.49	6.67
2026-09-29T22:31:03Z	1.75	3.42	6.61
2026-09-29T22:31:13Z	1.79	3.37	6.56
2026-09-29T22:31:23Z	1.74	3.31	6.51
2026-09-29T22:31:33Z	1.71	3.25	6.45
2026-09-29T22:31:43Z	1.75	3.21	6.40
2026-09-29T22:31:53Z	1.71	3.15	6.35
2026-09-29T22:32:03Z	1.68	3.10	6.30
2026-09-29T22:32:13Z	1.73	3.06	6.25
2026-09-29T22:32:23Z	1.77	3.03	6.21
2026-09-29T22:32:33Z	1.65	2.96	6.15
2026-09-29T22:32:43Z	1.71	2.93	6.10
2026-09-29T22:32:53Z	1.75	2.90	6.06
2026-09-29T22:33:03Z	1.79	2.87	6.02
2026-09-29T22:33:13Z	1.82	2.84	5.97
2026-09-29T22:33:23Z	1.85	2.81	5.93
2026-09-29T22:33:33Z	1.79	2.77	5.88
2026-09-29T22:33:43Z	1.97	2.77	5.85
2026-09-29T22:33:53Z	1.98	2.75	5.81
2026-09-29T22:34:03Z	1.90	2.71	5.76
2026-09-29T22:34:13Z	1.92	2.68	5.72
2026-09-29T22:34:23Z	1.93	2.66	5.68
2026-09-29T22:34:33Z	1.94	2.64	5.64
