timestamp,open,high,low,close,volume
1777486500000,75192.51000000,75385.24000000,75084.00000000,75150.37000000,331.15934000
1777487400000,75150.37000000,75361.68000000,74958.66000000,75242.43000000,299.73047000
1777488300000,75242.42000000,75517.33000000,75225.00000000,75513.91000000,184.35971000
1777489200000,75513.92000000,75570.18000000,75374.49000000,75568.41000000,155.53270000
1777490100000,75567.04000000,75591.83000000,75454.76000000,75531.29000000,104.85630000
1777491000000,75531.29000000,75531.30000000,75302.31000000,75438.56000000,128.09275000
1777491900000,75438.55000000,75565.69000000,75432.49000000,75563.86000000,76.09365000
1777492800000,75563.87000000,75716.54000000,75497.43000000,75528.81000000,264.87864000
1777493700000,75528.82000000,75688.09000000,75524.41000000,75679.70000000,116.65316000
1777494600000,75679.70000000,75857.32000000,75586.00000000,75773.61000000,131.19320000
1777495500000,75773.61000000,75856.08000000,75666.79000000,75676.79000000,62.58673000
1777496400000,75676.79000000,75850.00000000,75607.70000000,75794.67000000,100.47597000
1777497300000,75794.67000000,75898.67000000,75794.67000000,75822.88000000,56.88715000
1777498200000,75822.88000000,75973.50000000,75801.67000000,75942.49000000,101.48915000
1777499100000,75942.49000000,76088.90000000,75932.76000000,75933.93000000,104.21250000
1777500000000,75933.94000000,75969.42000000,75850.00000000,75965.73000000,80.64301000
1777500900000,75965.73000000,76004.14000000,75818.14000000,75839.75000000,83.10733000
1777501800000,75839.74000000,75975.38000000,75839.74000000,75962.86000000,52.38656000
1777502700000,75962.85000000,75970.65000000,75891.28000000,75927.38000000,56.19707000
1777503600000,75927.38000000,75990.06000000,75864.95000000,75987.62000000,44.28591000
1777504500000,75987.62000000,75989.29000000,75692.33000000,75771.21000000,110.87803000
1777505400000,75771.20000000,75864.91000000,75771.20000000,75861.06000000,72.01913000
1777506300000,75861.07000000,75880.71000000,75774.60000000,75780.00000000,52.30874000
1777507200000,75780.00000000,75867.49000000,75715.44000000,75719.89000000,139.78040000
1777508100000,75719.90000000,75817.99000000,75656.03000000,75817.99000000,72.60295000
1777509000000,75818.00000000,76172.34000000,75818.00000000,76091.35000000,166.97848000
1777509900000,76091.35000000,76344.61000000,76091.35000000,76248.74000000,183.35278000
1777510800000,76248.76000000,76360.56000000,76180.50000000,76234.02000000,80.31567000
1777511700000,76234.01000000,76408.83000000,76178.73000000,76349.59000000,66.76437000
1777512600000,76349.58000000,76412.41000000,76239.76000000,76346.00000000,59.55904000
1777513500000,76346.00000000,76473.26000000,76218.94000000,76232.80000000,124.89745000
1777514400000,76232.81000000,76351.04000000,76232.80000000,76316.70000000,65.75213000
1777515300000,76316.70000000,76343.54000000,76107.82000000,76122.64000000,72.41361000
1777516200000,76122.64000000,76122.64000000,75494.70000000,75614.11000000,298.01220000
1777517100000,75614.11000000,75760.88000000,75560.29000000,75704.74000000,100.88971000
1777518000000,75704.74000000,75865.12000000,75659.85000000,75828.64000000,50.19218000
1777518900000,75828.65000000,75897.39000000,75770.67000000,75893.97000000,47.77204000
1777519800000,75893.97000000,75987.84000000,75845.70000000,75949.04000000,46.14804000
1777520700000,75949.03000000,75994.26000000,75900.83000000,75928.10000000,38.01421000
1777521600000,75928.09000000,75963.92000000,75707.52000000,75792.03000000,116.13835000
1777522500000,75792.04000000,75801.10000000,75670.02000000,75683.43000000,47.88477000
1777523400000,75683.44000000,75687.21000000,75414.57000000,75426.62000000,150.80557000
1777524300000,75426.61000000,75534.65000000,75426.61000000,75497.00000000,112.14057000
1777525200000,75497.01000000,75627.33000000,75480.00000000,75611.77000000,91.33829000
1777526100000,75611.78000000,75626.08000000,75323.65000000,75429.05000000,97.95526000
1777527000000,75429.06000000,75750.00000000,75422.72000000,75707.40000000,232.95455000
1777527900000,75707.40000000,75743.50000000,75595.99000000,75600.09000000,69.46105000
1777528800000,75600.09000000,75682.19000000,75569.99000000,75594.90000000,127.60490000
1777529700000,75594.89000000,75696.32000000,75594.89000000,75676.00000000,45.03527000
1777530600000,75676.00000000,75867.90000000,75676.00000000,75744.04000000,140.61333000
1777531500000,75744.03000000,75786.34000000,75709.99000000,75753.53000000,58.89722000
1777532400000,75753.54000000,75849.69000000,75718.50000000,75806.02000000,82.31333000
1777533300000,75806.01000000,75893.58000000,75782.56000000,75884.53000000,61.82489000
1777534200000,75884.54000000,76082.97000000,75884.53000000,76075.28000000,209.12608000
1777535100000,76075.29000000,76179.91000000,76068.23000000,76161.67000000,163.48753000
1777536000000,76161.67000000,76208.92000000,76076.06000000,76092.07000000,81.00347000
1777536900000,76092.07000000,76163.25000000,76019.57000000,76075.92000000,120.42175000
1777537800000,76075.92000000,76144.16000000,76050.00000000,76135.00000000,61.82443000
1777538700000,76135.00000000,76146.75000000,76058.16000000,76058.17000000,87.69606000
1777539600000,76058.17000000,76097.85000000,76019.57000000,76077.09000000,133.75995000
1777540500000,76077.09000000,76220.20000000,76012.60000000,76216.77000000,113.59306000
1777541400000,76216.77000000,76339.38000000,76079.81000000,76079.81000000,122.93379000
1777542300000,76079.82000000,76196.31000000,76075.69000000,76097.19000000,74.72377000
1777543200000,76097.19000000,76163.52000000,76036.79000000,76036.80000000,63.52607000
1777544100000,76036.80000000,76069.11000000,75974.93000000,75974.94000000,85.96033000
1777545000000,75974.94000000,76119.19000000,75974.94000000,76043.02000000,139.78790000
1777545900000,76043.02000000,76069.11000000,75999.90000000,76028.66000000,75.91289000
1777546800000,76028.66000000,76244.36000000,76028.66000000,76150.47000000,148.99381000
1777547700000,76150.48000000,76191.45000000,76093.11000000,76109.21000000,72.67019000
1777548600000,76109.21000000,76140.33000000,75910.44000000,75929.48000000,166.40838000
1777549500000,75929.48000000,76085.62000000,75876.29000000,76059.43000000,162.81429000
1777550400000,76059.42000000,76169.55000000,76042.75000000,76146.61000000,89.19657000
1777551300000,76146.61000000,76500.00000000,76141.11000000,76344.23000000,804.45278000
1777552200000,76344.23000000,76511.22000000,76255.01000000,76255.01000000,510.52755000
1777553100000,76255.01000000,76420.00000000,76254.00000000,76308.48000000,116.40304000
1777554000000,76308.48000000,76367.65000000,76270.94000000,76315.80000000,126.29483000
1777554900000,76315.80000000,76347.63000000,76159.45000000,76186.63000000,96.35750000
1777555800000,76186.63000000,76644.44000000,76116.20000000,76638.04000000,393.46769000
1777556700000,76638.04000000,76669.14000000,76412.00000000,76420.44000000,311.04620000
1777557600000,76420.45000000,76597.51000000,76278.04000000,76360.52000000,238.03962000
1777558500000,76360.52000000,76368.16000000,76093.81000000,76354.20000000,196.31896000
1777559400000,76354.20000000,76557.97000000,76216.89000000,76346.36000000,132.66563000
1777560300000,76346.00000000,76470.99000000,76272.19000000,76301.24000000,116.72891000
1777561200000,76301.25000000,76439.32000000,76163.16000000,76424.65000000,123.94692000
1777562100000,76424.66000000,76500.00000000,76370.40000000,76500.00000000,55.59060000
1777563000000,76500.00000000,76653.60000000,76378.00000000,76465.74000000,125.66610000
1777563900000,76465.74000000,76529.14000000,76331.34000000,76473.60000000,69.49676000
1777564800000,76473.60000000,76484.60000000,76362.59000000,76473.61000000,54.53985000
1777565700000,76473.60000000,76473.61000000,76300.00000000,76355.18000000,37.56295000
1777566600000,76355.19000000,76419.55000000,76325.14000000,76342.62000000,28.25056000
1777567500000,76342.62000000,76376.85000000,76228.27000000,76261.03000000,45.09705000
1777568400000,76261.04000000,76328.71000000,76214.46000000,76224.25000000,77.00839000
1777569300000,76224.26000000,76224.26000000,76111.00000000,76143.12000000,98.04445000
1777570200000,76143.12000000,76263.45000000,76143.12000000,76160.87000000,57.22470000
1777571100000,76160.86000000,76300.20000000,76160.86000000,76250.01000000,41.54525000
1777572000000,76250.00000000,76372.28000000,76246.00000000,76269.60000000,50.19296000
1777572900000,76269.60000000,76468.84000000,76268.65000000,76281.25000000,51.88228000
1777573800000,76281.26000000,76404.83000000,76204.40000000,76398.64000000,48.92583000
1777574700000,76398.64000000,76468.27000000,76350.00000000,76350.00000000,33.15460000
1777575600000,76350.00000000,76482.61000000,76308.33000000,76451.53000000,65.19024000
1777576500000,76451.53000000,76511.48000000,76425.96000000,76471.71000000,74.13310000
1777577400000,76471.70000000,76514.80000000,76418.46000000,76443.27000000,98.28520000
1777578300000,76443.27000000,76459.56000000,76377.14000000,76412.80000000,69.92922000
1777579200000,76412.80000000,76472.97000000,76358.18000000,76447.85000000,47.89706000
1777580100000,76447.86000000,76564.00000000,76318.31000000,76476.42000000,111.77384000
1777581000000,76476.42000000,76550.96000000,76452.29000000,76521.21000000,60.93151000
1777581900000,76521.21000000,76568.90000000,76492.45000000,76492.46000000,66.46480000
1777582800000,76492.45000000,76535.42000000,76452.42000000,76494.59000000,44.30122000
1777583700000,76494.58000000,76494.59000000,76323.04000000,76337.50000000,31.19845000
1777584600000,76337.50000000,76458.00000000,76337.50000000,76390.41000000,31.45190000
1777585500000,76390.41000000,76390.41000000,76240.78000000,76241.78000000,76.13012000
1777586400000,76241.77000000,76366.79000000,76240.78000000,76366.78000000,53.53078000
1777587300000,76366.79000000,76449.16000000,76366.19000000,76439.54000000,29.73243000
1777588200000,76439.53000000,76442.02000000,76275.10000000,76334.97000000,42.69496000
1777589100000,76334.97000000,76373.16000000,76206.02000000,76237.06000000,32.60718000
1777590000000,76237.07000000,76323.07000000,76217.96000000,76299.08000000,48.81900000
1777590900000,76299.07000000,76334.72000000,76290.85000000,76334.71000000,31.78269000
1777591800000,76334.72000000,76375.99000000,76322.15000000,76334.37000000,49.56263000
1777592700000,76334.36000000,76380.20000000,76305.07000000,76346.57000000,52.71485000
1777593600000,76346.58000000,76514.00000000,76320.42000000,76469.81000000,186.86833000
1777594500000,76469.80000000,76578.00000000,76469.80000000,76531.81000000,56.46990000
1777595400000,76531.82000000,76560.00000000,76458.00000000,76528.37000000,203.33172000
1777596300000,76528.37000000,76591.00000000,76402.91000000,76458.05000000,56.21849000
1777597200000,76458.06000000,76589.34000000,76449.50000000,76564.00000000,66.57260000
1777598100000,76564.00000000,76630.00000000,76530.01000000,76536.81000000,107.55184000
1777599000000,76536.81000000,76640.64000000,76536.81000000,76618.08000000,202.52297000
1777599900000,76618.07000000,76776.21000000,76615.97000000,76686.13000000,110.19813000
1777600800000,76686.12000000,76744.60000000,76622.21000000,76674.82000000,91.84048000
1777601700000,76674.82000000,76729.70000000,76610.10000000,76628.90000000,40.57887000
1777602600000,76628.90000000,76639.95000000,76564.58000000,76596.02000000,28.28613000
1777603500000,76596.01000000,76615.01000000,76533.74000000,76592.54000000,43.74890000
1777604400000,76592.54000000,76700.84000000,76555.06000000,76698.98000000,40.52704000
1777605300000,76698.97000000,77453.74000000,76698.97000000,77198.27000000,735.92207000
1777606200000,77198.27000000,77285.79000000,77082.32000000,77158.40000000,222.15926000
1777607100000,77158.40000000,77208.00000000,77072.09000000,77131.08000000,57.59076000
1777608000000,77131.08000000,77176.00000000,77068.18000000,77116.28000000,84.28269000
1777608900000,77116.28000000,77206.38000000,76653.60000000,77012.35000000,743.47744000
1777609800000,77012.35000000,77083.98000000,76997.11000000,77081.86000000,60.04591000
1777610700000,77081.86000000,77104.22000000,77018.64000000,77042.44000000,107.95317000
1777611600000,77042.44000000,77184.96000000,77033.91000000,77140.27000000,76.65641000
1777612500000,77140.27000000,77141.26000000,77054.65000000,77079.96000000,40.24707000
1777613400000,77079.97000000,77137.60000000,77058.41000000,77125.00000000,119.18309000
1777614300000,77125.00000000,77176.67000000,77115.85000000,77165.98000000,47.66454000
1777615200000,77165.99000000,77176.67000000,77087.57000000,77145.49000000,43.46608000
1777616100000,77145.49000000,77179.53000000,77112.06000000,77150.04000000,44.08709000
1777617000000,77150.04000000,77170.00000000,76956.20000000,77066.00000000,208.37226000
1777617900000,77066.00000000,77112.54000000,76882.00000000,76993.48000000,143.22662000
1777618800000,76993.49000000,77094.00000000,76970.23000000,77038.90000000,56.40812000
1777619700000,77038.90000000,77106.50000000,76994.11000000,77004.14000000,201.89932000
1777620600000,77004.13000000,77049.82000000,76957.04000000,76996.88000000,209.15300000
1777621500000,76996.87000000,77140.36000000,76996.74000000,77130.54000000,166.27206000
1777622400000,77130.54000000,77250.00000000,77048.00000000,77250.00000000,208.09032000
1777623300000,77249.99000000,77500.00000000,77227.75000000,77440.73000000,361.79558000
1777624200000,77440.74000000,77457.99000000,77361.82000000,77370.66000000,82.60631000
1777625100000,77370.67000000,77382.46000000,77358.15000000,77377.47000000,45.24340000
1777626000000,77377.48000000,77391.99000000,77289.18000000,77338.73000000,95.87223000
1777626900000,77338.74000000,77377.91000000,77299.34000000,77346.80000000,92.60730000
1777627800000,77346.81000000,77346.81000000,77275.23000000,77279.94000000,92.50511000
1777628700000,77279.94000000,77279.94000000,77200.15000000,77268.55000000,74.18095000
1777629600000,77268.56000000,77268.56000000,77146.48000000,77159.42000000,62.23021000
1777630500000,77159.41000000,77433.72000000,77159.41000000,77349.10000000,148.51050000
1777631400000,77349.11000000,77361.77000000,77251.00000000,77251.01000000,45.67436000
1777632300000,77251.00000000,77305.39000000,77251.00000000,77304.34000000,74.57737000
1777633200000,77303.80000000,77331.00000000,77263.66000000,77324.48000000,161.08413000
1777634100000,77324.48000000,77600.00000000,77307.50000000,77382.63000000,244.96082000
1777635000000,77382.64000000,77429.80000000,77344.78000000,77412.88000000,99.94059000
1777635900000,77412.88000000,77474.01000000,77344.78000000,77463.98000000,78.39406000
1777636800000,77463.98000000,77677.77000000,77408.73000000,77553.65000000,178.53466000
1777637700000,77553.64000000,77799.48000000,77550.72000000,77763.04000000,247.31757000
1777638600000,77763.04000000,78170.20000000,77760.53000000,77959.08000000,733.68866000
1777639500000,77959.08000000,78042.37000000,77896.00000000,77896.01000000,233.43565000
1777640400000,77896.01000000,78430.20000000,77896.00000000,78344.38000000,471.78275000
1777641300000,78344.37000000,78399.72000000,78260.35000000,78279.65000000,269.38706000
1777642200000,78279.65000000,78539.25000000,78137.36000000,78259.08000000,736.86765000
1777643100000,78259.07000000,78914.12000000,78190.00000000,78737.25000000,876.30253000
1777644000000,78737.26000000,78871.80000000,78599.00000000,78681.20000000,818.09920000
1777644900000,78681.20000000,78718.00000000,78145.82000000,78275.86000000,467.93467000
1777645800000,78275.87000000,78295.02000000,78051.86000000,78196.74000000,435.51299000
1777646700000,78196.74000000,78449.96000000,78146.32000000,78358.75000000,249.15466000
1777647600000,78358.74000000,78474.22000000,78176.06000000,78460.94000000,216.14577000
1777648500000,78460.95000000,78600.00000000,78422.55000000,78536.02000000,269.38503000
1777649400000,78536.01000000,78735.92000000,78528.05000000,78663.98000000,187.92403000
1777650300000,78663.97000000,78683.67000000,78177.10000000,78445.89000000,339.72263000
1777651200000,78445.88000000,78683.23000000,78390.33000000,78390.33000000,196.58019000
1777652100000,78390.33000000,78474.48000000,78173.15000000,78328.00000000,199.30460000
1777653000000,78328.01000000,78390.00000000,78173.15000000,78278.22000000,134.63579000
1777653900000,78278.21000000,78351.82000000,78167.53000000,78214.36000000,174.16608000
1777654800000,78214.36000000,78330.00000000,78131.02000000,78330.00000000,142.15070000
1777655700000,78330.00000000,78350.00000000,78185.82000000,78250.82000000,150.89754000
1777656600000,78250.83000000,78552.47000000,78183.72000000,78438.28000000,138.34726000
1777657500000,78438.28000000,78584.61000000,78420.66000000,78552.94000000,57.92388000
1777658400000,78552.93000000,78609.11000000,78466.40000000,78527.36000000,92.09331000
1777659300000,78527.36000000,78623.37000000,78480.00000000,78586.48000000,94.58036000
1777660200000,78586.49000000,78586.49000000,78413.23000000,78428.53000000,230.26507000
1777661100000,78428.54000000,78507.97000000,78375.53000000,78423.90000000,70.82613000
1777662000000,78423.91000000,78540.00000000,78416.96000000,78489.06000000,83.26778000
1777662900000,78489.07000000,78494.07000000,78350.00000000,78415.73000000,87.57114000
1777663800000,78415.14000000,78417.43000000,78313.16000000,78341.41000000,107.56388000
1777664700000,78341.42000000,78466.59000000,78336.00000000,78360.00000000,234.25203000
1777665600000,78360.01000000,78422.81000000,78291.33000000,78291.33000000,112.67654000
1777666500000,78291.33000000,78300.09000000,78100.07000000,78153.28000000,147.49472000
1777667400000,78153.27000000,78180.48000000,77945.28000000,77985.19000000,351.35434000
1777668300000,77985.20000000,78031.07000000,77752.00000000,77880.18000000,216.00199000
1777669200000,77880.18000000,77979.99000000,77857.97000000,77955.16000000,82.53259000
1777670100000,77955.16000000,78064.85000000,77932.75000000,78021.45000000,113.51743000
1777671000000,78021.46000000,78185.70000000,78021.45000000,78117.06000000,191.27547000
1777671900000,78117.06000000,78200.00000000,78117.06000000,78199.99000000,98.40275000
1777672800000,78200.00000000,78314.00000000,78200.00000000,78282.61000000,100.30778000
1777673700000,78282.60000000,78411.13000000,78280.54000000,78353.41000000,130.94050000
1777674600000,78353.41000000,78369.59000000,78228.00000000,78263.61000000,60.94334000
1777675500000,78263.60000000,78263.60000000,78144.70000000,78153.38000000,39.78624000
1777676400000,78153.37000000,78183.15000000,78100.00000000,78124.00000000,28.88149000
1777677300000,78124.01000000,78139.22000000,78043.28000000,78044.17000000,52.40145000
1777678200000,78044.16000000,78144.35000000,78044.16000000,78112.21000000,38.61129000
1777679100000,78112.20000000,78249.60000000,78112.20000000,78231.13000000,53.66025000
1777680000000,78231.13000000,78299.04000000,78200.09000000,78200.10000000,69.45861000
1777680900000,78200.09000000,78360.77000000,78166.48000000,78280.85000000,44.29830000
1777681800000,78280.86000000,78339.99000000,78250.89000000,78323.86000000,32.63112000
1777682700000,78323.86000000,78393.39000000,78290.00000000,78341.75000000,64.90571000
1777683600000,78341.75000000,78392.34000000,78294.19000000,78380.14000000,74.54629000
1777684500000,78380.14000000,78380.14000000,78304.00000000,78345.36000000,39.72282000
1777685400000,78345.36000000,78441.31000000,78322.18000000,78372.51000000,90.53495000
1777686300000,78372.51000000,78372.51000000,78300.00000000,78355.00000000,196.18446000
1777687200000,78355.00000000,78355.00000000,78281.43000000,78293.36000000,76.03164000
1777688100000,78293.37000000,78340.00000000,78260.95000000,78270.20000000,27.95782000
1777689000000,78270.20000000,78395.00000000,78266.50000000,78359.95000000,56.93766000
1777689900000,78359.95000000,78513.70000000,78353.92000000,78353.93000000,122.76310000
1777690800000,78353.93000000,78384.21000000,78250.00000000,78277.31000000,38.85823000
1777691700000,78277.31000000,78411.31000000,78237.25000000,78382.22000000,54.74955000
1777692600000,78382.22000000,78514.82000000,78368.00000000,78399.16000000,53.12598000
1777693500000,78399.16000000,78471.04000000,78368.00000000,78400.00000000,153.43015000
1777694400000,78399.99000000,78448.99000000,78262.39000000,78292.12000000,131.81886000
1777695300000,78292.12000000,78304.39000000,78260.76000000,78278.59000000,155.20815000
1777696200000,78278.60000000,78287.10000000,78175.37000000,78223.12000000,54.57568000
1777697100000,78223.12000000,78233.30000000,78123.53000000,78175.50000000,70.24792000
1777698000000,78175.50000000,78186.00000000,78061.54000000,78089.34000000,265.99723000
1777698900000,78089.34000000,78126.77000000,78040.00000000,78110.64000000,94.38226000
1777699800000,78110.65000000,78218.03000000,78110.64000000,78198.47000000,76.47069000
1777700700000,78198.47000000,78235.25000000,78173.99000000,78174.00000000,89.75276000
1777701600000,78174.00000000,78288.00000000,78169.99000000,78170.00000000,225.43139000
1777702500000,78170.00000000,78220.39000000,78148.24000000,78150.00000000,32.52697000
1777703400000,78150.00000000,78229.82000000,78150.00000000,78229.81000000,39.15808000
1777704300000,78229.81000000,78363.21000000,78229.81000000,78327.80000000,69.44806000
1777705200000,78327.80000000,78342.18000000,78303.11000000,78320.08000000,34.61536000
1777706100000,78320.08000000,78339.60000000,78308.24000000,78320.83000000,54.97792000
1777707000000,78320.84000000,78324.70000000,78218.04000000,78227.11000000,26.83268000
1777707900000,78227.11000000,78247.52000000,78207.20000000,78220.00000000,53.59470000
1777708800000,78220.00000000,78266.01000000,78165.30000000,78262.66000000,39.65362000
1777709700000,78262.66000000,78294.86000000,78237.76000000,78283.40000000,16.73490000
1777710600000,78283.40000000,78350.00000000,78283.40000000,78329.30000000,103.72882000
1777711500000,78329.30000000,78356.51000000,78290.02000000,78315.37000000,44.71303000
1777712400000,78315.36000000,78328.14000000,78294.16000000,78305.70000000,36.82691000
1777713300000,78305.69000000,78341.78000000,78305.69000000,78308.63000000,33.30294000
1777714200000,78308.64000000,78394.00000000,78220.00000000,78311.57000000,133.46210000
1777715100000,78311.58000000,78316.02000000,78285.79000000,78293.57000000,54.04882000
1777716000000,78293.57000000,78311.97000000,78280.31000000,78288.56000000,39.29239000
1777716900000,78288.55000000,78297.00000000,78228.37000000,78251.51000000,32.75170000
1777717800000,78251.52000000,78267.07000000,78225.22000000,78249.59000000,32.24470000
1777718700000,78249.60000000,78262.60000000,78231.31000000,78249.30000000,32.12936000
1777719600000,78249.31000000,78249.31000000,78169.00000000,78170.58000000,65.23223000
1777720500000,78170.58000000,78227.86000000,78170.57000000,78210.98000000,33.93374000
1777721400000,78210.99000000,78210.99000000,78129.40000000,78169.00000000,95.95195000
1777722300000,78169.01000000,78169.01000000,78094.43000000,78143.08000000,74.12509000
1777723200000,78143.09000000,78161.72000000,78108.41000000,78144.43000000,57.03043000
1777724100000,78144.43000000,78262.37000000,78144.42000000,78242.85000000,60.47433000
1777725000000,78242.86000000,78261.56000000,78191.08000000,78227.71000000,32.52616000
1777725900000,78227.71000000,78227.71000000,78184.98000000,78211.24000000,32.74590000
1777726800000,78211.24000000,78423.85000000,78211.24000000,78392.44000000,148.79890000
1777727700000,78392.43000000,78392.44000000,78306.79000000,78306.79000000,25.76227000
1777728600000,78306.80000000,78361.34000000,78304.92000000,78361.34000000,20.51130000
1777729500000,78361.33000000,78391.42000000,78322.33000000,78367.06000000,31.93240000
1777730400000,78367.06000000,78397.11000000,78309.84000000,78309.84000000,24.05956000
1777731300000,78309.84000000,78484.42000000,78309.84000000,78420.43000000,103.22848000
1777732200000,78420.43000000,78461.55000000,78385.00000000,78398.57000000,24.54463000
1777733100000,78398.58000000,78480.00000000,78398.57000000,78423.98000000,38.32664000
1777734000000,78423.98000000,78480.00000000,78423.98000000,78435.26000000,28.05639000
1777734900000,78435.26000000,78435.26000000,78365.96000000,78374.95000000,38.48789000
1777735800000,78374.95000000,78444.00000000,78374.94000000,78443.41000000,27.45386000
1777736700000,78443.41000000,78487.68000000,78417.47000000,78487.67000000,32.14240000
1777737600000,78487.67000000,78557.62000000,78462.10000000,78545.99000000,51.20537000
1777738500000,78546.00000000,78596.61000000,78505.62000000,78510.63000000,78.26442000
1777739400000,78510.62000000,78510.62000000,78430.07000000,78430.08000000,42.70053000
1777740300000,78430.07000000,78500.00000000,78430.07000000,78455.02000000,22.25482000
1777741200000,78455.02000000,78459.50000000,78418.91000000,78435.01000000,88.65941000
1777742100000,78435.01000000,78450.00000000,78415.47000000,78415.70000000,78.06352000
1777743000000,78415.70000000,78485.53000000,78415.70000000,78426.85000000,24.71265000
1777743900000,78426.85000000,78430.94000000,78368.24000000,78398.02000000,21.96285000
1777744800000,78398.03000000,78398.03000000,78310.54000000,78324.71000000,37.94749000
1777745700000,78324.71000000,78394.04000000,78310.84000000,78391.92000000,33.41592000
1777746600000,78391.92000000,78454.64000000,78391.91000000,78411.50000000,22.43860000
1777747500000,78411.50000000,78493.31000000,78411.49000000,78466.62000000,24.35768000
1777748400000,78466.63000000,78510.00000000,78447.97000000,78470.19000000,62.18496000
1777749300000,78470.19000000,78475.53000000,78440.11000000,78457.00000000,66.76079000
1777750200000,78457.00000000,78521.68000000,78450.55000000,78497.46000000,30.14252000
1777751100000,78497.46000000,78497.47000000,78457.00000000,78486.00000000,22.96639000
1777752000000,78486.23000000,78491.26000000,78434.14000000,78434.14000000,12.81892000
1777752900000,78434.14000000,78434.15000000,78421.41000000,78426.31000000,10.53791000
1777753800000,78426.31000000,78479.50000000,78426.31000000,78433.16000000,18.21831000
1777754700000,78433.15000000,78452.19000000,78418.32000000,78451.38000000,20.35372000
1777755600000,78451.37000000,78513.80000000,78450.55000000,78450.55000000,28.07220000
1777756500000,78450.56000000,78493.98000000,78439.51000000,78493.97000000,22.21048000
1777757400000,78493.97000000,79199.48000000,78493.97000000,78806.68000000,589.25816000
1777758300000,78806.67000000,78911.82000000,78719.77000000,78719.78000000,94.99753000
1777759200000,78719.78000000,78799.48000000,78664.66000000,78771.13000000,79.56949000
1777760100000,78771.13000000,78776.37000000,78610.46000000,78620.00000000,71.92304000
1777761000000,78619.99000000,78750.00000000,78619.99000000,78660.16000000,49.80775000
1777761900000,78660.16000000,78872.39000000,78660.15000000,78832.98000000,65.18984000
1777762800000,78832.98000000,78832.98000000,78689.20000000,78740.13000000,28.05863000
1777763700000,78740.14000000,78802.63000000,78722.06000000,78802.28000000,27.98778000
1777764600000,78802.29000000,78819.99000000,78689.20000000,78689.21000000,26.36629000
1777765500000,78689.20000000,78706.84000000,78631.90000000,78686.85000000,32.07951000
1777766400000,78686.84000000,78754.55000000,78557.61000000,78573.12000000,74.58424000
1777767300000,78573.11000000,78635.58000000,78501.00000000,78629.50000000,67.30348000
1777768200000,78629.50000000,78677.00000000,78620.63000000,78633.17000000,23.17733000
1777769100000,78633.17000000,78647.44000000,78490.61000000,78542.32000000,68.89911000
1777770000000,78542.33000000,78542.33000000,78257.61000000,78361.03000000,161.33856000
1777770900000,78361.03000000,78394.10000000,78214.88000000,78280.68000000,104.63954000
1777771800000,78280.68000000,78280.68000000,78152.25000000,78236.45000000,93.25328000
1777772700000,78236.45000000,78285.00000000,78227.20000000,78240.83000000,31.78263000
1777773600000,78240.84000000,78309.09000000,78120.00000000,78193.43000000,101.69448000
1777774500000,78193.44000000,78199.85000000,78108.75000000,78113.07000000,57.17213000
1777775400000,78113.06000000,78170.00000000,78113.06000000,78122.61000000,26.48400000
1777776300000,78122.61000000,78199.06000000,78121.77000000,78171.85000000,37.07857000
1777777200000,78171.86000000,78189.35000000,78121.95000000,78134.70000000,85.81047000
1777778100000,78134.70000000,78149.08000000,78109.94000000,78109.94000000,43.64033000
1777779000000,78109.95000000,78208.00000000,78109.94000000,78132.52000000,39.82742000
1777779900000,78132.52000000,78217.59000000,78132.51000000,78203.08000000,31.07768000
1777780800000,78203.07000000,78206.84000000,78120.00000000,78147.03000000,17.90430000
1777781700000,78147.02000000,78236.45000000,78147.02000000,78222.95000000,25.60091000
1777782600000,78222.95000000,78236.45000000,78186.53000000,78186.53000000,16.29624000
1777783500000,78186.54000000,78194.00000000,78144.68000000,78163.19000000,29.91218000
1777784400000,78163.19000000,78260.15000000,78163.17000000,78239.87000000,38.65623000
1777785300000,78239.86000000,78260.75000000,78223.22000000,78226.16000000,13.49578000
1777786200000,78226.17000000,78230.00000000,78206.26000000,78206.26000000,34.62884000
1777787100000,78206.26000000,78254.82000000,78206.26000000,78249.42000000,11.31200000
1777788000000,78249.41000000,78249.42000000,78144.90000000,78151.37000000,147.29565000
1777788900000,78150.85000000,78150.86000000,78084.08000000,78115.33000000,84.75168000
1777789800000,78115.33000000,78166.76000000,78115.33000000,78140.00000000,20.00946000
1777790700000,78139.99000000,78337.26000000,78139.99000000,78288.30000000,54.88554000
1777791600000,78288.30000000,78444.18000000,78288.29000000,78346.65000000,59.68983000
1777792500000,78346.65000000,78483.67000000,78343.51000000,78412.76000000,117.38292000
1777793400000,78412.76000000,78448.40000000,78378.86000000,78378.86000000,87.19153000
1777794300000,78378.87000000,78400.58000000,78361.33000000,78363.25000000,35.15658000
1777795200000,78363.24000000,78505.92000000,78363.24000000,78450.55000000,40.10070000
1777796100000,78450.56000000,78481.76000000,78411.15000000,78417.59000000,33.56897000
1777797000000,78417.58000000,78441.78000000,78388.30000000,78439.45000000,14.66156000
1777797900000,78439.45000000,78455.00000000,78387.86000000,78387.86000000,13.68570000
1777798800000,78387.87000000,78440.49000000,78354.53000000,78402.79000000,54.46033000
1777799700000,78402.79000000,78526.14000000,78402.78000000,78500.01000000,77.31808000
1777800600000,78500.00000000,78604.67000000,78454.00000000,78514.83000000,111.12432000
1777801500000,78514.83000000,78550.00000000,78486.73000000,78529.57000000,50.22937000
1777802400000,78529.57000000,78534.40000000,78428.81000000,78491.26000000,44.00443000
1777803300000,78491.26000000,78491.27000000,78430.59000000,78430.59000000,21.97061000
1777804200000,78430.60000000,78465.05000000,78430.59000000,78450.55000000,42.49663000
1777805100000,78450.55000000,78450.55000000,78406.97000000,78408.01000000,32.32314000
1777806000000,78408.01000000,78554.67000000,78380.00000000,78526.20000000,79.36225000
1777806900000,78526.21000000,78530.41000000,78501.20000000,78508.70000000,29.05393000
1777807800000,78508.71000000,78747.43000000,78508.70000000,78717.09000000,137.91890000
1777808700000,78717.10000000,78849.22000000,78656.00000000,78656.01000000,166.49622000
1777809600000,78656.01000000,78878.77000000,78656.00000000,78856.80000000,118.50669000
1777810500000,78856.79000000,78856.80000000,78747.76000000,78773.22000000,47.13050000
1777811400000,78773.22000000,78792.54000000,78687.50000000,78792.53000000,68.22006000
1777812300000,78792.53000000,78830.60000000,78721.16000000,78747.09000000,60.42462000
1777813200000,78747.09000000,78769.63000000,78715.43000000,78750.70000000,51.11979000
1777814100000,78750.70000000,78750.70000000,78592.13000000,78643.99000000,62.93693000
1777815000000,78644.00000000,78703.74000000,78586.99000000,78620.00000000,43.45404000
1777815900000,78619.99000000,78699.52000000,78614.28000000,78670.01000000,38.89265000
1777816800000,78670.01000000,78785.95000000,78664.29000000,78730.00000000,83.91290000
1777817700000,78729.99000000,78759.98000000,78608.70000000,78693.38000000,141.95705000
1777818600000,78693.38000000,78713.28000000,78671.04000000,78708.85000000,122.43507000
1777819500000,78708.85000000,78786.57000000,78660.00000000,78741.00000000,61.66113000
1777820400000,78741.00000000,78815.19000000,78716.80000000,78745.01000000,83.56610000
1777821300000,78745.01000000,78772.22000000,78720.06000000,78769.00000000,45.69291000
1777822200000,78768.99000000,78798.03000000,78672.49000000,78701.77000000,44.79735000
1777823100000,78701.77000000,78701.78000000,78633.40000000,78668.36000000,63.14851000
1777824000000,78668.36000000,78700.00000000,78619.09000000,78623.90000000,36.88323000
1777824900000,78623.90000000,78666.00000000,78600.00000000,78662.04000000,22.67149000
1777825800000,78662.03000000,78784.56000000,78662.03000000,78720.89000000,35.12601000
1777826700000,78720.90000000,78733.21000000,78645.49000000,78654.00000000,72.85829000
1777827600000,78654.01000000,78718.55000000,78558.65000000,78689.60000000,231.26509000
1777828500000,78689.61000000,78795.05000000,78689.60000000,78734.07000000,51.40433000
1777829400000,78734.06000000,78822.83000000,78730.63000000,78804.99000000,33.17154000
1777830300000,78804.99000000,78805.00000000,78722.28000000,78725.76000000,42.08454000
1777831200000,78725.76000000,78744.84000000,78672.47000000,78672.47000000,34.49941000
1777832100000,78672.47000000,78755.22000000,78631.61000000,78736.97000000,48.50296000
1777833000000,78736.98000000,78736.98000000,78680.39000000,78686.98000000,39.29810000
1777833900000,78686.98000000,78763.57000000,78686.60000000,78739.67000000,15.88927000
1777834800000,78739.68000000,78764.86000000,78694.00000000,78708.26000000,21.47510000
1777835700000,78708.25000000,78719.27000000,78676.67000000,78681.70000000,116.23158000
1777836600000,78681.71000000,78853.32000000,78679.90000000,78801.22000000,74.22733000
1777837500000,78801.22000000,78815.00000000,78760.31000000,78760.32000000,40.67543000
1777838400000,78760.32000000,78795.56000000,78732.04000000,78732.57000000,31.16543000
1777839300000,78732.57000000,78999.00000000,78732.56000000,78921.69000000,120.15465000
1777840200000,78921.68000000,79268.00000000,78902.24000000,79007.79000000,406.79632000
1777841100000,79007.79000000,79019.76000000,78836.71000000,78915.99000000,87.68150000
1777842000000,78915.99000000,79056.59000000,78855.00000000,79010.55000000,118.73935000
1777842900000,79010.55000000,79010.56000000,78917.42000000,78917.42000000,40.98980000
1777843800000,78917.42000000,78922.00000000,78661.75000000,78700.00000000,112.88415000
1777844700000,78700.00000000,78845.33000000,78650.00000000,78831.59000000,84.87287000
1777845600000,78831.60000000,79365.14000000,78831.60000000,79259.35000000,402.09739000
1777846500000,79259.35000000,79447.00000000,78965.16000000,79085.31000000,295.11529000
1777847400000,79085.31000000,79315.51000000,78991.63000000,79268.00000000,92.96799000
1777848300000,79268.00000000,79383.78000000,79157.37000000,79177.29000000,144.77812000
1777849200000,79177.29000000,79287.82000000,79047.89000000,79075.00000000,125.30064000
1777850100000,79075.00000000,79080.67000000,78623.00000000,78657.46000000,260.27701000
1777851000000,78657.46000000,78736.65000000,78593.81000000,78593.81000000,144.21217000
1777851900000,78593.81000000,78597.62000000,78484.42000000,78568.57000000,112.93216000
1777852800000,78568.58000000,78572.57000000,78423.43000000,78511.67000000,139.20474000
1777853700000,78511.67000000,78527.08000000,78288.88000000,78367.27000000,112.76911000
1777854600000,78367.27000000,78446.78000000,78332.42000000,78397.89000000,94.67224000
1777855500000,78397.89000000,78572.19000000,78397.89000000,78547.14000000,88.21398000
1777856400000,78547.15000000,78585.86000000,78412.49000000,78456.26000000,47.88823000
1777857300000,78456.26000000,78606.62000000,78419.17000000,78605.69000000,98.02533000
1777858200000,78605.69000000,79145.20000000,78597.83000000,78800.00000000,194.07807000
1777859100000,78800.00000000,79848.84000000,78799.27000000,79769.43000000,1026.42990000
1777860000000,79769.43000000,80100.00000000,79540.05000000,79932.69000000,1074.17282000
1777860900000,79932.69000000,79945.88000000,79618.00000000,79705.20000000,267.03307000
1777861800000,79705.20000000,80328.05000000,79705.19000000,80163.87000000,568.85153000
1777862700000,80163.87000000,80420.90000000,80023.49000000,80173.30000000,368.09212000
1777863600000,80173.30000000,80458.00000000,79972.00000000,80380.07000000,402.47352000
1777864500000,80380.07000000,80380.07000000,80054.14000000,80118.60000000,250.88153000
1777865400000,80118.61000000,80137.78000000,79926.90000000,79997.01000000,173.73964000
1777866300000,79997.02000000,80323.58000000,79969.58000000,80316.31000000,185.08749000
1777867200000,80316.30000000,80484.07000000,80316.30000000,80450.00000000,492.40118000
1777868100000,80450.00000000,80635.51000000,80246.39000000,80351.87000000,441.43422000
1777869000000,80351.87000000,80440.31000000,80302.83000000,80350.88000000,110.95606000
1777869900000,80350.88000000,80393.80000000,80233.04000000,80332.06000000,317.23688000
1777870800000,80332.06000000,80395.96000000,80117.84000000,80145.09000000,395.75360000
1777871700000,80145.09000000,80152.36000000,79956.25000000,80004.17000000,196.66455000
1777872600000,80004.18000000,80110.04000000,79960.69000000,80079.99000000,98.48351000
1777873500000,80079.99000000,80080.00000000,80000.00000000,80027.26000000,55.91152000
1777874400000,80027.26000000,80048.64000000,79917.61000000,79918.00000000,147.41117000
1777875300000,79918.01000000,79918.01000000,79500.00000000,79704.25000000,366.95124000
1777876200000,79704.25000000,79771.64000000,79641.34000000,79758.37000000,126.99495000
1777877100000,79758.37000000,79981.69000000,79758.36000000,79877.90000000,462.38170000
1777878000000,79877.91000000,79946.33000000,79818.13000000,79897.06000000,107.09550000
1777878900000,79897.06000000,79923.00000000,79819.34000000,79855.44000000,68.86867000
1777879800000,79855.43000000,79873.85000000,79684.31000000,79856.96000000,134.87838000
1777880700000,79856.95000000,79907.58000000,79672.00000000,79696.75000000,108.98923000
1777881600000,79696.75000000,79796.37000000,79602.32000000,79796.36000000,114.21068000
1777882500000,79796.37000000,79800.00000000,79632.80000000,79740.01000000,116.64000000
1777883400000,79740.00000000,79787.47000000,79700.67000000,79716.88000000,135.51957000
1777884300000,79716.88000000,79767.60000000,79621.17000000,79708.30000000,68.99491000
1777885200000,79708.30000000,79797.08000000,79647.87000000,79733.25000000,78.05726000
1777886100000,79733.25000000,79823.25000000,79717.00000000,79725.42000000,144.61461000
1777887000000,79725.43000000,79887.83000000,79692.89000000,79857.55000000,156.62507000
1777887900000,79857.56000000,79930.00000000,79792.14000000,79838.48000000,94.10622000
1777888800000,79838.49000000,79880.00000000,78600.42000000,78754.85000000,1111.04115000
1777889700000,78754.85000000,78773.43000000,78202.00000000,78508.32000000,1917.02943000
1777890600000,78508.32000000,79033.09000000,78452.45000000,78916.91000000,1035.73635000
1777891500000,78916.91000000,79099.98000000,78841.73000000,78940.26000000,316.91735000
1777892400000,78940.27000000,79084.93000000,78897.92000000,79048.00000000,303.12761000
1777893300000,79048.00000000,79124.83000000,78921.45000000,78949.99000000,142.40695000
1777894200000,78949.99000000,78950.00000000,78708.87000000,78735.04000000,170.70348000
1777895100000,78735.04000000,78862.15000000,78735.03000000,78793.67000000,83.30742000
1777896000000,78793.67000000,78848.93000000,78718.55000000,78805.68000000,91.71324000
1777896900000,78805.68000000,79020.00000000,78750.68000000,78960.00000000,158.18547000
1777897800000,78960.00000000,79000.01000000,78851.14000000,78990.97000000,106.22414000
1777898700000,78990.98000000,79011.55000000,78850.63000000,78857.18000000,69.89403000
1777899600000,78857.18000000,78984.75000000,78581.74000000,78923.20000000,237.50304000
1777900500000,78923.21000000,79059.04000000,78901.00000000,78965.91000000,142.82090000
1777901400000,78965.91000000,79124.83000000,78850.00000000,78869.83000000,223.86483000
1777902300000,78869.82000000,78948.32000000,78734.68000000,78790.00000000,120.88127000
1777903200000,78790.01000000,78982.02000000,78500.00000000,78957.72000000,285.68637000
1777904100000,78957.72000000,79397.34000000,78947.01000000,79246.84000000,441.59932000
1777905000000,79246.84000000,79588.73000000,79232.28000000,79533.51000000,376.18114000
1777905900000,79533.51000000,80545.17000000,79533.50000000,80216.16000000,1204.95329000
1777906800000,80216.15000000,80367.93000000,79934.00000000,80102.62000000,694.60600000
1777907700000,80102.61000000,80216.94000000,79320.28000000,79700.37000000,945.03066000
1777908600000,79700.37000000,79926.71000000,79475.35000000,79909.99000000,369.65770000
1777909500000,79909.99000000,80131.59000000,79567.49000000,80028.85000000,449.33869000
1777910400000,80028.85000000,80076.28000000,79660.16000000,79724.79000000,397.33338000
1777911300000,79724.79000000,80395.68000000,79619.33000000,80243.97000000,529.53436000
1777912200000,80243.96000000,80365.81000000,80151.30000000,80275.66000000,248.30678000
1777913100000,80275.66000000,80329.64000000,79959.58000000,80025.03000000,317.60965000
1777914000000,80025.03000000,80463.65000000,80021.50000000,80384.58000000,304.84413000
1777914900000,80384.57000000,80505.06000000,80367.99000000,80448.16000000,220.69999000
1777915800000,80448.17000000,80452.15000000,80261.94000000,80275.32000000,139.43950000
1777916700000,80275.32000000,80776.99000000,80265.84000000,80390.81000000,415.12887000
1777917600000,80390.80000000,80439.18000000,80263.60000000,80388.47000000,157.91011000
1777918500000,80388.46000000,80388.47000000,80154.00000000,80271.14000000,284.85932000
1777919400000,80271.15000000,80311.72000000,80159.09000000,80179.00000000,111.48788000
1777920300000,80178.99000000,80178.99000000,80035.32000000,80114.91000000,109.74182000
1777921200000,80114.91000000,80138.00000000,79950.00000000,80085.18000000,154.18440000
1777922100000,80085.19000000,80092.00000000,79900.00000000,79930.00000000,142.05771000
1777923000000,79930.00000000,80006.46000000,79900.00000000,79998.06000000,66.71713000
1777923900000,79998.05000000,80094.13000000,79970.00000000,80053.31000000,142.64000000
1777924800000,80053.31000000,80123.18000000,79960.68000000,80123.17000000,91.89509000
1777925700000,80123.17000000,80154.12000000,79920.01000000,80027.23000000,134.90946000
1777926600000,80027.23000000,80039.31000000,79901.00000000,79917.14000000,108.77927000
1777927500000,79917.14000000,80010.00000000,79913.97000000,79936.70000000,123.93482000
1777928400000,79936.70000000,80150.76000000,79936.70000000,80115.99000000,92.33415000
1777929300000,80115.99000000,80287.90000000,80073.70000000,80201.24000000,80.70176000
1777930200000,80201.24000000,80290.00000000,80201.23000000,80244.06000000,82.00625000
1777931100000,80244.06000000,80383.15000000,80243.89000000,80259.17000000,88.26426000
1777932000000,80259.18000000,80388.74000000,80235.18000000,80359.64000000,76.98138000
1777932900000,80359.64000000,80397.19000000,80268.73000000,80268.73000000,78.31818000
1777933800000,80268.74000000,80268.74000000,80116.88000000,80116.88000000,62.80791000
1777934700000,80116.89000000,80200.00000000,80042.84000000,80067.23000000,54.24628000
1777935600000,80067.22000000,80067.22000000,79905.00000000,79930.08000000,89.04115000
1777936500000,79930.09000000,79975.83000000,79882.35000000,79975.83000000,146.68734000
1777937400000,79975.83000000,79975.83000000,79744.91000000,79772.80000000,208.80423000
1777938300000,79772.80000000,79872.00000000,79760.76000000,79861.01000000,149.55096000
1777939200000,79861.01000000,80010.00000000,79808.72000000,79953.36000000,254.34809000
1777940100000,79953.36000000,79963.13000000,79861.00000000,79861.01000000,37.17289000
1777941000000,79861.01000000,80142.22000000,79861.00000000,80076.28000000,62.90761000
1777941900000,80076.28000000,80183.33000000,80040.00000000,80170.66000000,71.30428000
1777942800000,80170.66000000,80259.75000000,80080.76000000,80199.62000000,128.39821000
1777943700000,80199.61000000,80286.08000000,80189.46000000,80273.00000000,161.83367000
1777944600000,80273.00000000,80335.68000000,80166.88000000,80246.01000000,185.83594000
1777945500000,80246.00000000,80385.06000000,80246.00000000,80352.00000000,53.96180000
1777946400000,80351.99000000,80517.21000000,80300.00000000,80456.36000000,149.57919000
1777947300000,80456.36000000,80530.71000000,80375.20000000,80458.55000000,89.89818000
1777948200000,80458.56000000,80812.06000000,80448.21000000,80809.05000000,263.93479000
1777949100000,80809.04000000,80900.00000000,80500.89000000,80554.68000000,265.03262000
1777950000000,80554.69000000,80720.35000000,80457.93000000,80678.15000000,95.69814000
1777950900000,80678.14000000,80858.68000000,80636.92000000,80796.22000000,97.11786000
1777951800000,80796.22000000,81083.98000000,80752.91000000,80910.54000000,385.24641000
1777952700000,80910.54000000,80950.00000000,80822.56000000,80893.08000000,99.87131000
1777953600000,80893.08000000,80982.59000000,80781.42000000,80808.24000000,194.12025000
1777954500000,80808.24000000,80919.72000000,80793.68000000,80793.69000000,87.18531000
1777955400000,80793.69000000,80846.22000000,80725.00000000,80769.30000000,117.83033000
1777956300000,80769.31000000,80951.48000000,80732.28000000,80902.44000000,129.80549000
1777957200000,80902.44000000,80984.38000000,80830.06000000,80868.69000000,216.23463000
1777958100000,80868.69000000,81188.00000000,80868.69000000,81061.53000000,290.50281000
1777959000000,81061.53000000,81323.52000000,81020.01000000,81040.42000000,322.25574000
1777959900000,81040.42000000,81065.62000000,80912.51000000,80970.00000000,182.39288000
1777960800000,80969.99000000,81016.42000000,80900.00000000,80958.93000000,120.41881000
1777961700000,80958.94000000,80972.06000000,80810.00000000,80824.93000000,110.25982000
1777962600000,80824.94000000,80889.41000000,80800.00000000,80811.51000000,86.33182000
1777963500000,80811.51000000,80976.00000000,80811.51000000,80976.00000000,72.82322000
1777964400000,80976.00000000,81026.70000000,80900.34000000,80995.36000000,94.16242000
1777965300000,80995.35000000,81095.00000000,80973.50000000,81050.01000000,99.02306000
1777966200000,81050.00000000,81136.59000000,80994.83000000,81011.05000000,477.76993000
1777967100000,81011.05000000,81029.57000000,80826.00000000,80855.59000000,373.47689000
1777968000000,80855.59000000,80895.50000000,80839.71000000,80859.32000000,137.15178000
1777968900000,80859.32000000,80879.24000000,80812.83000000,80842.63000000,68.59065000
1777969800000,80842.64000000,80869.25000000,80723.20000000,80741.27000000,162.56234000
1777970700000,80741.28000000,80833.99000000,80741.27000000,80815.24000000,106.15313000
1777971600000,80815.24000000,80815.24000000,80667.77000000,80667.77000000,180.10982000
1777972500000,80667.78000000,80688.61000000,80597.99000000,80657.73000000,348.51552000
1777973400000,80657.73000000,80701.48000000,80564.13000000,80589.59000000,210.31019000
1777974300000,80589.59000000,80610.00000000,80527.76000000,80586.02000000,126.41208000
1777975200000,80586.02000000,80707.98000000,80530.82000000,80677.56000000,136.52960000
1777976100000,80677.56000000,80749.05000000,80677.55000000,80732.38000000,128.19613000
1777977000000,80732.39000000,80831.87000000,80732.38000000,80822.42000000,127.89304000
1777977900000,80822.42000000,80829.24000000,80708.82000000,80823.61000000,128.48545000
1777978800000,80823.61000000,80978.99000000,80780.00000000,80942.73000000,162.86722000
1777979700000,80942.73000000,80967.52000000,80818.72000000,80949.23000000,166.46274000
1777980600000,80949.23000000,81095.48000000,80936.38000000,81039.01000000,146.92062000
1777981500000,81039.00000000,81055.79000000,80874.00000000,81014.05000000,147.41195000
1777982400000,81014.05000000,81134.06000000,80932.54000000,81105.01000000,114.99913000
1777983300000,81105.02000000,81245.73000000,81063.60000000,81222.90000000,139.39305000
1777984200000,81222.91000000,81307.68000000,81173.20000000,81307.68000000,166.29730000
1777985100000,81307.68000000,81329.61000000,81192.29000000,81279.41000000,187.13109000
1777986000000,81279.40000000,81666.00000000,81270.00000000,81622.00000000,586.23410000
1777986900000,81621.99000000,81712.32000000,81418.81000000,81460.27000000,353.78025000
1777987800000,81460.28000000,81538.44000000,81215.25000000,81414.10000000,412.66492000
1777988700000,81414.11000000,81671.50000000,81196.00000000,81330.00000000,418.73763000
1777989600000,81330.00000000,81434.46000000,81090.00000000,81104.08000000,307.17574000
1777990500000,81104.08000000,81456.00000000,80939.87000000,81409.03000000,507.20284000
1777991400000,81409.03000000,81500.00000000,81127.80000000,81244.87000000,255.76631000
1777992300000,81244.88000000,81392.00000000,81128.00000000,81336.59000000,212.76884000
1777993200000,81336.59000000,81664.97000000,81235.00000000,81564.86000000,270.90605000
1777994100000,81564.85000000,81670.00000000,81518.86000000,81609.99000000,256.30498000
1777995000000,81610.00000000,81670.00000000,81547.88000000,81625.00000000,150.16982000
1777995900000,81625.00000000,81689.20000000,81519.99000000,81525.19000000,221.65964000
1777996800000,81525.19000000,81615.33000000,81429.85000000,81449.23000000,135.44343000
1777997700000,81449.24000000,81552.31000000,81334.98000000,81419.99000000,78.47484000
1777998600000,81420.00000000,81420.00000000,81052.50000000,81075.79000000,350.00344000
1777999500000,81075.80000000,81293.77000000,81050.04000000,81285.75000000,143.53096000
1778000400000,81285.75000000,81372.01000000,81185.02000000,81331.99000000,80.54684000
1778001300000,81331.99000000,81458.26000000,81310.82000000,81418.14000000,84.56838000
1778002200000,81418.14000000,81418.14000000,81248.04000000,81304.22000000,60.94945000
1778003100000,81304.22000000,81356.67000000,81259.35000000,81270.60000000,54.74202000
1778004000000,81270.61000000,81599.00000000,81270.61000000,81562.07000000,168.28919000
1778004900000,81562.07000000,81575.26000000,81422.03000000,81459.38000000,98.15409000
1778005800000,81459.38000000,81537.44000000,81426.08000000,81517.24000000,73.08450000
1778006700000,81517.24000000,81560.00000000,81414.69000000,81515.00000000,88.03445000
1778007600000,81515.00000000,81515.00000000,81407.58000000,81467.29000000,43.81436000
1778008500000,81467.29000000,81580.00000000,81432.04000000,81538.09000000,67.21959000
1778009400000,81538.09000000,81666.66000000,81517.85000000,81654.17000000,146.69468000
1778010300000,81654.16000000,81680.00000000,81526.00000000,81606.35000000,106.90854000
1778011200000,81606.35000000,81770.00000000,81510.13000000,81700.01000000,332.81182000
1778012100000,81700.00000000,81700.00000000,81545.01000000,81554.07000000,113.81674000
1778013000000,81554.07000000,81738.22000000,81545.01000000,81658.01000000,167.13824000
1778013900000,81658.01000000,81668.00000000,81569.51000000,81646.38000000,110.90581000
1778014800000,81646.39000000,81791.48000000,81591.69000000,81591.70000000,282.10641000
1778015700000,81591.69000000,81651.64000000,81448.51000000,81474.85000000,152.30457000
1778016600000,81474.85000000,81474.85000000,81305.27000000,81362.45000000,117.26894000
1778017500000,81362.45000000,81511.33000000,81345.01000000,81407.11000000,66.90881000
1778018400000,81407.11000000,81600.00000000,81356.86000000,81382.14000000,76.94877000
1778019300000,81382.14000000,81520.00000000,81324.05000000,81438.84000000,71.27556000
1778020200000,81438.84000000,81438.84000000,80817.72000000,81021.72000000,491.45778000
1778021100000,81021.72000000,81357.28000000,80986.55000000,81111.27000000,282.20361000
1778022000000,81111.27000000,81222.03000000,81028.63000000,81213.22000000,120.69082000
1778022900000,81213.23000000,81213.23000000,80878.72000000,80883.57000000,130.26388000
1778023800000,80883.57000000,80968.32000000,80790.00000000,80926.79000000,142.64517000
1778024700000,80926.79000000,80978.86000000,80882.02000000,80905.52000000,85.47591000
1778025600000,80905.53000000,81251.84000000,80880.00000000,81156.91000000,325.69213000
1778026500000,81156.91000000,81262.28000000,80922.15000000,80922.16000000,201.79653000
1778027400000,80922.16000000,81045.99000000,80906.30000000,80906.31000000,75.33949000
1778028300000,80906.31000000,81070.00000000,80731.14000000,81030.01000000,273.37100000
1778029200000,81030.00000000,81169.21000000,80996.00000000,81161.58000000,94.42236000
1778030100000,81161.58000000,81346.78000000,81161.57000000,81250.00000000,230.55407000
1778031000000,81250.01000000,81360.15000000,81240.00000000,81318.30000000,235.54564000
1778031900000,81318.29000000,81534.23000000,81316.66000000,81439.34000000,243.30367000
1778032800000,81439.34000000,81449.04000000,81252.71000000,81330.00000000,205.10297000
1778033700000,81330.00000000,81330.00000000,81138.00000000,81144.57000000,102.03380000
1778034600000,81144.58000000,81262.99000000,81047.01000000,81213.06000000,225.67170000
1778035500000,81213.06000000,81395.87000000,81205.61000000,81363.54000000,88.38644000
1778036400000,81363.54000000,81466.64000000,81358.17000000,81410.01000000,126.58978000
1778037300000,81410.00000000,81760.84000000,81367.71000000,81616.29000000,400.27786000
1778038200000,81616.28000000,81699.99000000,81526.67000000,81543.58000000,105.00579000
1778039100000,81543.58000000,81641.71000000,81494.63000000,81581.69000000,78.65021000
1778040000000,81581.70000000,81649.99000000,81530.98000000,81602.25000000,190.04643000
1778040900000,81602.25000000,81606.45000000,81428.57000000,81431.84000000,102.16698000
1778041800000,81431.84000000,81440.00000000,81343.45000000,81398.28000000,138.58446000
1778042700000,81398.29000000,81495.95000000,81270.00000000,81331.10000000,144.84343000
1778043600000,81331.10000000,81360.30000000,81247.47000000,81278.80000000,152.46933000
1778044500000,81278.80000000,81320.39000000,81230.01000000,81259.77000000,75.76101000
1778045400000,81259.77000000,81259.77000000,81060.00000000,81166.04000000,234.22196000
1778046300000,81166.04000000,81333.15000000,81166.03000000,81333.00000000,129.73420000
1778047200000,81333.00000000,81396.97000000,81222.60000000,81263.04000000,166.94238000
1778048100000,81263.04000000,81393.23000000,81211.34000000,81372.27000000,86.92038000
1778049000000,81372.27000000,81472.74000000,81342.26000000,81472.73000000,127.55723000
1778049900000,81472.74000000,81516.90000000,81454.01000000,81476.71000000,142.71541000
1778050800000,81476.71000000,81611.00000000,81458.34000000,81458.34000000,195.00343000
1778051700000,81458.35000000,81596.15000000,81453.45000000,81553.78000000,82.10299000
1778052600000,81553.78000000,81553.78000000,81400.00000000,81412.50000000,127.49867000
1778053500000,81412.50000000,81461.26000000,81307.81000000,81359.82000000,204.13824000
1778054400000,81359.82000000,81620.92000000,81328.68000000,81547.50000000,245.04536000
1778055300000,81547.51000000,81579.95000000,81500.00000000,81570.00000000,43.32067000
1778056200000,81570.00000000,81884.42000000,81569.00000000,81700.01000000,500.35331000
1778057100000,81700.01000000,81986.00000000,81621.49000000,81945.66000000,564.69482000
1778058000000,81945.66000000,81966.00000000,81761.84000000,81815.20000000,243.85578000
1778058900000,81815.21000000,81865.60000000,81682.70000000,81765.80000000,117.22255000
1778059800000,81765.80000000,82060.00000000,81760.00000000,82014.77000000,474.62934000
1778060700000,82014.78000000,82014.78000000,81767.72000000,81997.00000000,261.02583000
1778061600000,81997.00000000,82131.00000000,81953.25000000,82042.78000000,254.23584000
1778062500000,82042.79000000,82243.20000000,82004.95000000,82191.51000000,427.59229000
1778063400000,82191.51000000,82298.20000000,82162.51000000,82250.01000000,341.82434000
1778064300000,82250.00000000,82390.00000000,82137.77000000,82290.04000000,279.19844000
1778065200000,82290.03000000,82484.21000000,82261.60000000,82417.55000000,223.89542000
1778066100000,82417.55000000,82850.00000000,82412.15000000,82684.01000000,705.25634000
1778067000000,82684.00000000,82770.40000000,82500.00000000,82501.85000000,286.93256000
1778067900000,82501.85000000,82587.26000000,82482.72000000,82522.89000000,219.84897000
1778068800000,82522.88000000,82539.33000000,82200.00000000,82200.47000000,248.72796000
1778069700000,82200.47000000,82487.70000000,82184.21000000,82388.49000000,224.69574000
1778070600000,82388.48000000,82430.80000000,82296.58000000,82347.70000000,131.31111000
1778071500000,82347.71000000,82424.72000000,82164.61000000,82220.47000000,216.19329000
1778072400000,82220.47000000,82220.47000000,81840.00000000,82109.73000000,417.54789000
1778073300000,82109.72000000,82164.05000000,81880.00000000,81952.97000000,202.92623000
1778074200000,81952.98000000,82059.89000000,81762.78000000,81912.30000000,231.85114000
1778075100000,81912.29000000,81921.26000000,81600.00000000,81670.89000000,395.57643000
1778076000000,81670.90000000,81695.25000000,81136.00000000,81451.76000000,713.55876000
1778076900000,81451.77000000,81760.92000000,81313.71000000,81618.81000000,391.29909000
1778077800000,81618.81000000,81879.97000000,81606.14000000,81879.96000000,241.27797000
1778078700000,81879.96000000,81980.72000000,81493.60000000,81526.73000000,268.94126000
1778079600000,81526.74000000,81615.41000000,81316.28000000,81410.00000000,305.33531000
1778080500000,81409.99000000,81823.00000000,81409.99000000,81659.76000000,170.13895000
1778081400000,81659.75000000,81745.59000000,81480.04000000,81626.17000000,177.57121000
1778082300000,81626.17000000,81773.93000000,81626.17000000,81704.25000000,171.70786000
1778083200000,81704.25000000,81897.06000000,81585.23000000,81760.27000000,164.37851000
1778084100000,81760.26000000,81835.89000000,81510.79000000,81510.79000000,196.73094000
1778085000000,81510.79000000,81699.50000000,81431.16000000,81685.52000000,118.06587000
1778085900000,81685.52000000,81907.51000000,81577.89000000,81630.94000000,504.37953000
1778086800000,81630.94000000,81709.32000000,81539.37000000,81675.86000000,104.96543000
1778087700000,81675.86000000,81675.86000000,81405.00000000,81474.40000000,151.49153000
1778088600000,81474.40000000,81550.00000000,81461.18000000,81544.02000000,71.26599000
1778089500000,81544.01000000,81550.00000000,81394.00000000,81452.63000000,89.66942000
1778090400000,81452.63000000,81498.75000000,81452.62000000,81459.65000000,19.31374000
